year,nearest_overall,n
1929,#3F3F00,12.287407407407407
1929,#BF7FBF,5.810370370370371
1929,#FFFF00,27.89037037037037
1929,#FFFFFF,17.635555555555555
1930,#000000,111.33037037037037
1930,#00003F,27.56740740740741
1930,#003F3F,22.275555555555556
1930,#3F0000,77.33925925925926
1930,#3F3F3F,6.426666666666667
1930,#3FBFBF,7.9111111111111105
1930,#7F3F3F,14.204444444444444
1930,#7F7F3F,28.471111111111107
1930,#7F7F7F,21.759999999999998
1930,#7FBFBF,17.14962962962963
1930,#BF0000,19.75111111111111
1930,#BF7F00,52.68444444444444
1930,#BF7F7F,22.874074074074073
1930,#BFBF7F,11.857777777777779
1930,#BFBFBF,5.576296296296297
1930,#FFBFBF,66.42074074074074
1930,#FFFF7F,21.35703703703704
1931,#000000,15.86962962962963
1931,#3F3F3F,10.091851851851851
1931,#7F7F7F,11.117037037037036
1931,#7F7FBF,14.077037037037037
1931,#FFFFBF,14.879999999999999
1934,#000000,120.16888888888889
1934,#3F0000,32.60444444444444
1934,#3F3F00,6.6103703703703705
1934,#3F3F3F,28.444444444444446
1934,#3F7F7F,4.37037037037037
1934,#7F3F00,6.897777777777778
1934,#7F7F3F,5.795555555555556
1934,#BF7F7F,14.391111111111112
1934,#BFBF7F,6.474074074074074
1934,#BFBFBF,36.56
1934,#BFFFBF,22.88
1934,#FFBFBF,29.937777777777782
1934,#FFFFBF,64.37333333333333
1936,#3F0000,26.284444444444446
1936,#3F003F,55.44888888888889
1936,#3F3F00,37.55555555555555
1936,#3F3F3F,49.973333333333336
1936,#7F7F3F,11.68888888888889
1936,#7FBF7F,31.18222222222222
1936,#BFBFBF,18.32
1936,#FFBF7F,19.084444444444443
1936,#FFFFBF,69.34222222222222
1937,#000000,20.56888888888889
1937,#00003F,4.737777777777778
1937,#3F0000,50.77333333333334
1937,#3F3F00,15.537777777777778
1937,#3F3F3F,25.730370370370373
1937,#7F7F7F,23.92
1937,#BF3F3F,10.524444444444445
1937,#BFBF7F,15.875555555555557
1937,#BFFFBF,6.346666666666668
1937,#FF3F00,7.863703703703703
1937,#FFBF3F,15.617777777777778
1937,#FFBF7F,21.06666666666667
1937,#FFBFBF,58.49777777777777
1937,#FFFFBF,84.3288888888889
1937,#FFFFFF,54.22814814814815
1938,#000000,29.617777777777775
1938,#007FBF,83.14666666666666
1938,#3F0000,52.139259259259255
1938,#3F003F,21.884444444444444
1938,#3F3F00,23.59111111111111
1938,#3F3F3F,36.63407407407407
1938,#7F3F3F,19.37777777777778
1938,#7F7F3F,13.182222222222222
1938,#7F7F7F,108.37333333333333
1938,#BF0000,9.066666666666666
1938,#BFBFBF,49.75703703703704
1938,#BFFFFF,14.773333333333333
1938,#FFBF3F,9.662222222222223
1938,#FFFF3F,12.082962962962963
1938,#FFFFFF,218.24
1939,#000000,68.89777777777778
1939,#007F3F,10.302222222222223
1939,#3F0000,12.062222222222221
1939,#FFFF3F,19.804444444444446
1940,#3F0000,12.346666666666668
1940,#BFFF7F,93.00444444444445
1940,#FFBF7F,9.662222222222223
1940,#FFFFBF,64.52444444444444
1942,#000000,27.644444444444446
1942,#003F3F,19.866666666666667
1942,#3F7F3F,16.88888888888889
1942,#BFFFBF,20.622222222222224
1942,#FFFFBF,87.66222222222223
1944,#000000,90.8088888888889
1944,#003F3F,12.026666666666666
1944,#007FBF,27.128888888888888
1944,#3F0000,15.342222222222222
1944,#3F003F,38.96
1944,#3F3F3F,42.666666666666664
1944,#3F7FBF,12.524444444444443
1944,#7FFFFF,20.08
1944,#BFFFFF,54.61333333333333
1944,#FFBFBF,103.22666666666666
1944,#FFFF3F,47.54666666666667
1945,#000000,32.32592592592593
1945,#3F3F00,22.06222222222222
1945,#7F7F3F,5.155555555555556
1945,#BF7F7F,17.297777777777778
1945,#BFBF7F,40.42074074074074
1945,#BFBFBF,4.266666666666667
1945,#FFFFFF,121.97925925925925
1946,#3F0000,10.749629629629629
1946,#3F3F00,14.444444444444445
1946,#7F3F3F,11.194074074074074
1946,#7F7F7F,9.042962962962962
1946,#BF3F3F,16
1946,#BFBFBF,46.14222222222223
1946,#FFBFBF,18.56
1946,#FFFFBF,114.85925925925926
1947,#000000,30.927407407407408
1947,#003F3F,14.968888888888891
1947,#3F0000,60.9511111111111
1947,#3F3F00,14.100740740740742
1947,#3F3F3F,5.422222222222222
1947,#3F7F7F,8.645925925925926
1947,#3F7FBF,27.573333333333334
1947,#7F0000,78.06814814814814
1947,#7F003F,33.8962962962963
1947,#7F3F00,10.933333333333334
1947,#7F3F3F,29.78962962962963
1947,#7F7F7F,6.8533333333333335
1947,#7F7FBF,31.715555555555554
1947,#BF3F00,11.602962962962964
1947,#BF7F00,5.164444444444444
1947,#BFBF7F,17.143703703703704
1947,#BFBFBF,21.075555555555557
1947,#BFBFFF,66.4
1947,#BFFFFF,34.266666666666666
1947,#FFBFBF,13.102222222222224
1947,#FFFFBF,35.300740740740736
1947,#FFFFFF,76.64
1948,#000000,22.456296296296298
1948,#3F0000,5.069629629629629
1948,#3F003F,4.002962962962963
1948,#3F3F3F,6.699259259259259
1948,#3F3F7F,6.897777777777778
1948,#7F7F7F,13.374814814814814
1948,#BF3F00,4.352592592592592
1948,#BF7F00,11.354074074074076
1948,#FFFF7F,5.131851851851852
1948,#FFFFBF,55.0962962962963
1949,#3F0000,80.1037037037037
1949,#3F3F00,14.423703703703703
1949,#3F3F3F,37.7837037037037
1949,#7F0000,35.114074074074075
1949,#7F7F3F,9.463703703703704
1949,#7F7F7F,41.635555555555555
1949,#BF7F7F,11.934814814814814
1949,#BFBF7F,7.250370370370371
1949,#BFBFBF,21.674074074074074
1949,#FFBFBF,27.434074074074076
1949,#FFFF3F,19.724444444444448
1949,#FFFF7F,25.585185185185185
1949,#FFFFBF,244.55407407407407
1949,#FFFFFF,68.47111111111111
1950,#3F0000,3.9525925925925924
1950,#3F003F,28.002962962962965
1950,#3F3F7F,13.795555555555556
1950,#7F003F,4.195555555555556
1950,#BF7F7F,19.33037037037037
1950,#FFBF7F,11.371851851851853
1950,#FFBFBF,15.6
1950,#FFFFFF,112.74666666666667
1951,#000000,22.915555555555557
1951,#00003F,14.133333333333333
1951,#003F3F,15.484444444444446
1951,#007F7F,16.764444444444443
1951,#007FBF,110.08000000000001
1951,#3F003F,38.4
1951,#7FBFBF,21.013333333333335
1951,#BFBF7F,14.642962962962963
1951,#BFFFFF,22.275555555555552
1951,#FFBF7F,11.051851851851852
1951,#FFBFBF,24.50962962962963
1951,#FFFF7F,14.222222222222221
1951,#FFFFBF,7.271111111111111
1951,#FFFFFF,42.24
1952,#000000,64.64
1952,#3F0000,8.21037037037037
1952,#3F3F3F,18.903703703703705
1952,#7F7F7F,21.454814814814814
1952,#7FBFBF,5.401481481481482
1952,#BF0000,8.717037037037038
1952,#BFBF7F,18.441481481481482
1952,#BFBFBF,7.185185185185185
1952,#BFFFFF,11.031111111111112
1952,#FFFFBF,24.165925925925926
1952,#FFFFFF,78.91259259259259
1953,#3F003F,3.9407407407407407
1953,#3F3F3F,9.902222222222221
1953,#3F3F7F,29.80148148148148
1953,#7F7F7F,2.9303703703703703
1953,#BFBFBF,90.39703703703704
1953,#BFFFBF,6.453333333333333
1953,#FFBF3F,10.293333333333333
1953,#FFFFBF,75.43703703703703
1954,#3F0000,15.946666666666665
1954,#BF0000,18.586666666666666
1954,#BFBFBF,13.37777777777778
1954,#BFFFFF,36.05333333333333
1954,#FFFFFF,91.22666666666667
1955,#3F3F3F,5.1970370370370365
1955,#7F7FBF,5.143703703703704
1955,#7FBFFF,7.718518518518519
1955,#7FFFFF,10.503703703703703
1955,#FFFFFF,8.571851851851852
1956,#3F3F3F,38.595555555555556
1956,#7F7F7F,24.278518518518517
1956,#BF7F7F,11.122962962962962
1956,#FFBFBF,6.388148148148148
1956,#FFFFFF,100.46814814814815
1957,#3F0000,14.945185185185187
1957,#3F003F,7.300740740740741
1957,#BFFFBF,9.884444444444444
1957,#FF0000,6.6251851851851855
1957,#FFFFBF,32.053333333333335
1958,#000000,38.96296296296296
1958,#00003F,14.145185185185186
1958,#3F3F00,9.232592592592592
1958,#3F3F3F,24.835555555555555
1958,#7F3F00,12.888888888888888
1958,#7F7F3F,11.875555555555557
1958,#7F7F7F,37.333333333333336
1958,#BF7F7F,22.995555555555555
1958,#BFBFBF,14.648888888888889
1958,#FFBF00,37.303703703703704
1958,#FFBFBF,10.909629629629631
1958,#FFFF3F,64.16
1959,#3F3F00,6.174814814814815
1959,#7F7F3F,3.478518518518518
1959,#7FBFBF,4.687407407407408
1959,#BFFFBF,3.487407407407407
1959,#FFFFBF,36.14222222222222
1960,#000000,223.51999999999998
1960,#003FBF,10.24
1960,#FF003F,7.226666666666667
1960,#FFBFBF,5.075555555555556
1961,#000000,50.97777777777778
1961,#3F3F3F,109.7688888888889
1961,#3F3F7F,43.79555555555555
1962,#000000,136.16
1962,#00003F,14.068148148148147
1962,#3F0000,17.866666666666667
1962,#3F3F3F,39.739259259259256
1962,#7F7F7F,50.12148148148148
1962,#7F7FBF,4.322962962962963
1962,#7F7FFF,6.0237037037037044
1962,#BFBFBF,1.8785185185185187
1962,#BFBFFF,27.76888888888889
1962,#FFBF7F,23.884444444444448
1962,#FFFFBF,92.86222222222221
1963,#00007F,18.127407407407407
1963,#003F7F,19.33037037037037
1963,#3F0000,12.444444444444445
1963,#3F003F,10.894814814814815
1963,#7F3F7F,7.416296296296296
1963,#7F7F7F,11.200000000000001
1963,#BF7F7F,7.262222222222222
1963,#BFBF00,12.038518518518519
1963,#BFBFBF,48.0237037037037
1963,#FF0000,65.26814814814816
1963,#FF3F3F,27.857777777777777
1963,#FF7F00,21.522962962962964
1963,#FF7F3F,10.477037037037038
1963,#FFBFBF,63.751111111111115
1963,#FFFF00,36.4
1963,#FFFFBF,14.48888888888889
1964,#000000,128.25481481481484
1964,#3F3F3F,23.022222222222222
1964,#3F7FBF,3.958518518518519
1964,#7F7F7F,16.835555555555555
1964,#7F7FBF,7.099259259259259
1964,#BFBFBF,15.57925925925926
1964,#BFBFFF,4.044444444444444
1964,#BFFFFF,4.192592592592593
1964,#FFFFFF,21.703703703703702
1965,#000000,18.41777777777778
1965,#00003F,20.78222222222222
1965,#00007F,44.275555555555556
1965,#003F00,68.4088888888889
1965,#003F7F,25.617777777777775
1965,#3F3F7F,6.133333333333335
1965,#3F7F7F,10.826666666666666
1965,#7F7F3F,20.30814814814815
1965,#7FBF7F,13.58222222222222
1965,#BF7F3F,9.893333333333334
1965,#FFBFBF,122.69333333333333
1965,#FFFFBF,88.93333333333334
1966,#007F3F,62.239999999999995
1966,#3F3F00,7.9585185185185185
1966,#3F7FBF,22.814814814814817
1966,#7F7F7F,7.265185185185185
1966,#7F7FBF,15.585185185185185
1966,#7FBFBF,44.63407407407408
1966,#BFBFBF,51.2474074074074
1966,#BFBFFF,35.531851851851854
1966,#FFBF00,14.693333333333333
1966,#FFBFBF,29.23555555555555
1966,#FFFFFF,69.32148148148148
1967,#000000,54.802962962962965
1967,#003F00,7.579259259259259
1967,#3F7F7F,4.705185185185186
1967,#7F7F7F,4.358518518518519
1967,#BFBFBF,6.506666666666666
1967,#BFFFFF,11.771851851851851
1967,#FFFF00,20.634074074074075
1967,#FFFFBF,45.309629629629626
1967,#FFFFFF,29.188148148148148
1968,#3F3F00,34.72888888888889
1968,#3F3F3F,20.471111111111114
1968,#3FBFFF,54.09777777777778
1968,#7F7F3F,34.94222222222222
1968,#BF0000,12.942222222222224
1968,#BF7F7F,14.65777777777778
1968,#BFBF7F,21.884444444444448
1968,#FF0000,79.32444444444445
1968,#FFFFFF,37.297777777777775
1969,#000000,37.76
1969,#003F3F,4.90962962962963
1969,#3F0000,74.88888888888889
1969,#3F3F3F,18.02962962962963
1969,#3F7F3F,4.314074074074075
1969,#7F3F3F,12.533333333333331
1969,#7F7F7F,26.32888888888889
1969,#7FBF3F,9.06074074074074
1969,#BFBFBF,23.93777777777778
1969,#BFBFFF,20.01777777777778
1969,#BFFFFF,15.614814814814814
1969,#FF3F7F,36.391111111111115
1969,#FFFFFF,63.199999999999996
1970,#3F3F00,12.87111111111111
1970,#3F3F3F,12.776296296296296
1970,#3F7FBF,10.115555555555556
1970,#7F7F3F,8.456296296296296
1970,#7FBFFF,10.542222222222222
1970,#BFBFFF,23.851851851851855
1970,#BFFFFF,21.842962962962964
1970,#FFFF7F,10.666666666666668
1970,#FFFFBF,20.84148148148148
1970,#FFFFFF,150.37037037037038
1971,#000000,122.48
1971,#3F0000,76.50962962962963
1971,#3F3F3F,46.1837037037037
1971,#7F3F3F,11.697777777777778
1971,#7F7F3F,15.771851851851853
1971,#7F7F7F,27.99111111111111
1971,#7FBF7F,11.09925925925926
1971,#BF0000,12.974814814814813
1971,#BF7F7F,16.02962962962963
1971,#BFBFBF,75.68
1971,#BFBFFF,16.98962962962963
1971,#BFFFFF,37.35703703703704
1971,#FFBFBF,33.001481481481484
1971,#FFFFBF,9.946666666666665
1971,#FFFFFF,120.63111111111111
1972,#000000,12.038518518518519
1972,#003F00,43.730370370370366
1972,#007F00,6.08
1972,#007F3F,11.665185185185186
1972,#3F3F00,9.697777777777777
1972,#3F3F3F,4.6903703703703705
1972,#3F7F3F,5.2
1972,#3F7FBF,12.894814814814815
1972,#7F7F00,7.4251851851851844
1972,#7F7F3F,11.472592592592594
1972,#7FBFFF,13.042962962962962
1972,#BF0000,17.78962962962963
1972,#BF003F,6.257777777777777
1972,#BF7F3F,16.005925925925926
1972,#BF7F7F,7.354074074074074
1972,#BFBF00,5.25037037037037
1972,#BFBF7F,8.059259259259258
1972,#BFBFBF,11.605925925925927
1972,#FF7F7F,4.637037037037037
1972,#FFBFBF,20.722962962962963
1972,#FFBFFF,31.2
1972,#FFFFBF,10
1973,#3F0000,6.524444444444444
1973,#3F3F3F,21.81925925925926
1973,#7F3F3F,5.312592592592592
1973,#7F7F3F,4.201481481481482
1973,#7F7F7F,13.602962962962964
1973,#BF3F3F,25.922962962962963
1973,#BFBF7F,30.693333333333335
1973,#BFBFBF,4.017777777777778
1973,#BFBFFF,8.355555555555554
1973,#BFFFFF,15.834074074074072
1973,#FFBFBF,17.81925925925926
1973,#FFFFBF,22.453333333333333
1973,#FFFFFF,69.38666666666666
1974,#000000,202.87703703703704
1974,#00003F,4.844444444444444
1974,#003F3F,53.68000000000001
1974,#003F7F,4.8
1974,#003FBF,28.296296296296298
1974,#3F3F00,109.44000000000001
1974,#3F3F3F,58.87703703703704
1974,#7F7F7F,6.734814814814814
1974,#7FBF7F,9.288888888888888
1974,#7FBFBF,5.149629629629629
1974,#BFBFBF,12.008888888888889
1974,#BFFFBF,13.653333333333334
1974,#FF0000,75.89333333333335
1974,#FF7F00,10.177777777777779
1974,#FF7F3F,10.142222222222221
1974,#FFBFBF,22.506666666666668
1974,#FFFFBF,86.6637037037037
1975,#000000,21.66814814814815
1975,#003F00,13.475555555555555
1975,#00BF7F,50.355555555555554
1975,#3F0000,12.696296296296298
1975,#3F003F,6.800000000000001
1975,#3F3F00,13.546666666666667
1975,#3F3F3F,50.73777777777778
1975,#7F0000,8.068148148148149
1975,#7F3F3F,25.614814814814814
1975,#7F3F7F,42.05037037037037
1975,#7F7F7F,13.336296296296297
1975,#BF7F3F,6.731851851851851
1975,#BF7FBF,10.75851851851852
1975,#BFBFBF,29.06074074074074
1975,#FFBFBF,52.03555555555556
1975,#FFFFBF,13.383703703703704
1975,#FFFFFF,25.336296296296297
1976,#000000,327.60592592592593
1976,#00003F,41.315555555555555
1976,#3F0000,26.322962962962965
1976,#3F003F,20.764444444444443
1976,#3F3F00,9.084444444444445
1976,#3F3F3F,33.67703703703704
1976,#3F3F7F,45.715555555555554
1976,#7F3F3F,16.45925925925926
1976,#7F7F3F,14.154074074074074
1976,#7F7F7F,46.46222222222222
1976,#BFBF7F,24.868148148148148
1976,#BFBFBF,100.38518518518518
1976,#BFFFBF,34.90962962962963
1976,#FFBFBF,6.145185185185185
1976,#FFFF7F,3.768888888888889
1976,#FFFFBF,33.53777777777778
1977,#000000,55.768888888888895
1977,#00003F,79.01925925925926
1977,#3F0000,149.54962962962964
1977,#3F003F,6.948148148148148
1977,#3F3F00,27.08740740740741
1977,#3F3F3F,217.49333333333334
1977,#3F3F7F,28.764444444444443
1977,#3F7F3F,5.428148148148148
1977,#3F7F7F,15.182222222222222
1977,#7F003F,14.545185185185186
1977,#7F3F3F,50.75851851851852
1977,#7F3F7F,103.88444444444445
1977,#7F7F3F,29.383703703703702
1977,#7F7F7F,17.06074074074074
1977,#7F7FBF,13.754074074074074
1977,#7F7FFF,3.4222222222222225
1977,#7FBFBF,86.76444444444444
1977,#7FBFFF,17.22074074074074
1977,#BF3F3F,3.291851851851852
1977,#BF7F3F,9.040000000000001
1977,#BF7F7F,51.89925925925926
1977,#BFBF7F,14.933333333333334
1977,#BFBFBF,11.170370370370371
1977,#BFBFFF,29.125925925925927
1977,#BFFFBF,15.76888888888889
1977,#FF003F,5.4874074074074075
1977,#FF7F7F,9.013333333333332
1977,#FFBF3F,17.26222222222222
1977,#FFBFBF,140.54814814814813
1977,#FFFFBF,3.5229629629629633
1977,#FFFFFF,70.69333333333333
1978,#000000,218.53629629629629
1978,#00003F,5.351111111111111
1978,#003F7F,30.72296296296296
1978,#007FBF,40.40296296296296
1978,#3F0000,72.05333333333333
1978,#3F3F3F,32.245925925925924
1978,#3F7F7F,14.764444444444445
1978,#3F7FBF,31.087407407407408
1978,#3FBF3F,12.879999999999999
1978,#3FBFBF,8.942222222222222
1978,#3FBFFF,12.183703703703703
1978,#7F0000,3.031111111111111
1978,#7F3F00,9.16148148148148
1978,#7F3F3F,18.48296296296296
1978,#7F7F3F,15.26814814814815
1978,#7F7F7F,13.182222222222222
1978,#7FBFFF,10.672592592592594
1978,#BF0000,11.635555555555555
1978,#BF3F3F,17.585185185185185
1978,#BF7F3F,5.380740740740741
1978,#BF7F7F,5.733333333333333
1978,#BFBF7F,15.65037037037037
1978,#BFBFBF,52.482962962962965
1978,#BFFFFF,63.01629629629629
1978,#FF0000,54.51259259259259
1978,#FF3F00,8.10074074074074
1978,#FFBF00,39.57333333333334
1978,#FFBF7F,56.53925925925926
1978,#FFBFBF,60.72592592592592
1978,#FFBFFF,8.302222222222222
1978,#FFFFBF,187.92592592592592
1978,#FFFFFF,178.82074074074075
1979,#000000,136.99851851851852
1979,#00003F,2.607407407407407
1979,#003F3F,41.83111111111111
1979,#007F7F,19.395555555555553
1979,#007FBF,86.78518518518518
1979,#3F0000,9.665185185185186
1979,#3F3F00,18.133333333333333
1979,#3F3F3F,118.63407407407408
1979,#3F7F3F,53.58222222222223
1979,#3F7FBF,14.444444444444445
1979,#3FBFFF,21.751111111111115
1979,#7F3F00,28.880000000000003
1979,#7F3F3F,46.70814814814815
1979,#7F7F3F,46.83555555555555
1979,#7F7F7F,39.638518518518524
1979,#7FBFBF,104.85037037037038
1979,#7FBFFF,27.37777777777778
1979,#BF003F,46.84444444444445
1979,#BF3F00,19.35111111111111
1979,#BF3F3F,13.795555555555556
1979,#BFBF7F,30.577777777777776
1979,#BFBFBF,202.45925925925926
1979,#BFFFBF,11.057777777777778
1979,#FF003F,32.053333333333335
1979,#FF7F3F,10.99851851851852
1979,#FFBF3F,13.191111111111109
1979,#FFBF7F,7.917037037037038
1979,#FFBFFF,44.48888888888889
1979,#FFFFBF,88.99259259259259
1979,#FFFFFF,24.51851851851852
1980,#000000,92.97185185185185
1980,#00003F,38.62814814814815
1980,#003F00,8.693333333333333
1980,#3F0000,33.18222222222222
1980,#3F3F00,12.610370370370369
1980,#3F3F3F,46.35259259259259
1980,#3F7F3F,41.79555555555555
1980,#3F7FBF,13.368888888888888
1980,#3FBFFF,13.324444444444445
1980,#7F0000,15.36
1980,#7F3F3F,13.093333333333334
1980,#7F7F3F,10.714074074074075
1980,#7F7FBF,12.337777777777779
1980,#7FBFBF,25.831111111111113
1980,#BF003F,10.666666666666666
1980,#BF7F3F,9.072592592592594
1980,#BF7F7F,7.20888888888889
1980,#BF7FBF,25.74222222222222
1980,#BFBFBF,34.46222222222222
1980,#FF7F7F,7.4251851851851844
1980,#FFBF3F,15.760000000000002
1980,#FFBFBF,245.2385185185185
1980,#FFFFFF,409.5466666666666
1981,#000000,174.51851851851853
1981,#00BFBF,51.05777777777777
1981,#00BFFF,46.78222222222222
1981,#3F0000,37.59111111111111
1981,#3F3F00,9.902222222222223
1981,#3F3F3F,23.143703703703704
1981,#3F7F7F,11.727407407407407
1981,#3F7FBF,129.92
1981,#7F3F3F,39.31851851851852
1981,#7F3F7F,71.47851851851851
1981,#7F7F3F,19.56740740740741
1981,#7F7FBF,45.06666666666666
1981,#BF7F00,5.007407407407408
1981,#BF7F7F,18.607407407407408
1981,#BFBF3F,10.524444444444445
1981,#BFBFBF,33.26814814814815
1981,#BFBFFF,19.58222222222222
1981,#BFFFFF,11.674074074074074
1981,#FFBFBF,6.814814814814815
1981,#FFFFBF,41.608888888888885
1981,#FFFFFF,10.832592592592592
1982,#00003F,22.702222222222222
1982,#003FBF,36.72888888888889
1982,#007FBF,27.946666666666673
1982,#00BFFF,18.328888888888887
1982,#3F0000,73.29777777777778
1982,#3F003F,11.235555555555557
1982,#3F3F7F,14.462222222222222
1982,#3FBFFF,104
1982,#7FBFFF,19.608888888888888
1982,#BF0000,18.16888888888889
1982,#BF3F00,14.186666666666667
1982,#BF3F3F,79.91111111111111
1982,#BFBFBF,12.72888888888889
1982,#BFBFFF,27.857777777777777
1982,#BFFFFF,48.782222222222224
1982,#FF3F3F,20.79111111111111
1982,#FFBF3F,21.36888888888889
1982,#FFBFBF,97.28
1982,#FFFFFF,100.88000000000001
1983,#000000,100.96000000000001
1983,#00003F,27.28888888888889
1983,#003F3F,17.594074074074072
1983,#3F0000,132.8651851851852
1983,#3F3F00,10.684444444444445
1983,#3F3F3F,16.90074074074074
1983,#3F7F3F,69.99111111111111
1983,#3F7F7F,9.333333333333334
1983,#3F7FBF,5.5377777777777775
1983,#7F3F00,14.565925925925926
1983,#7F3F3F,3.8162962962962963
1983,#7F7F7F,39.626666666666665
1983,#7F7FBF,24.352592592592593
1983,#7FBF00,9.937777777777779
1983,#7FFF3F,12.32
1983,#7FFF7F,36.10074074074075
1983,#BF7F7F,33.837037037037035
1983,#BFBFBF,27.081481481481482
1983,#BFFF7F,9.546666666666667
1983,#FF0000,4.2844444444444445
1983,#FF7F7F,5.819259259259259
1983,#FFBF7F,10.248888888888889
1983,#FFBFBF,22.980740740740742
1983,#FFFF7F,8.64
1983,#FFFFBF,153.47259259259258
1984,#000000,34.859259259259254
1984,#3F0000,118.64592592592592
1984,#3F3F00,29.922962962962963
1984,#3F3F3F,30.625185185185188
1984,#3FBF3F,4.071111111111112
1984,#3FBFBF,24.645925925925926
1984,#7F0000,64.48592592592593
1984,#7F3F00,30.882962962962964
1984,#7F3F3F,14.479999999999999
1984,#7F7F7F,97.99703703703703
1984,#7FBF3F,4.995555555555556
1984,#7FBFBF,20.77925925925926
1984,#BF0000,13.019259259259258
1984,#BFBF3F,3.9229629629629628
1984,#BFBFBF,91.14666666666666
1984,#BFFFBF,15.86962962962963
1984,#BFFFFF,88.82666666666667
1984,#FFBF7F,8.296296296296296
1984,#FFBFBF,64.62222222222222
1984,#FFFF7F,6.714074074074074
1984,#FFFFBF,22.844444444444445
1984,#FFFFFF,300.3703703703704
1985,#000000,72.30222222222223
1985,#00003F,41.86666666666666
1985,#003F3F,32.93333333333333
1985,#00BFBF,9.522962962962964
1985,#3F0000,19.191111111111113
1985,#3F007F,30.062222222222225
1985,#3F3F00,12.506666666666666
1985,#3F3F3F,17.173333333333336
1985,#3F3F7F,22.880000000000003
1985,#3F7F3F,21.202962962962964
1985,#7F3F3F,16.764444444444443
1985,#7F7F7F,17.448888888888888
1985,#7FBFBF,12.959999999999999
1985,#BFBF7F,9.351111111111111
1985,#BFBFBF,52.05925925925926
1985,#BFFFBF,14.897777777777776
1985,#FFFF3F,54.459259259259255
1985,#FFFFBF,143.03407407407406
1986,#000000,210.07999999999998
1986,#00003F,44.46222222222222
1986,#003F00,14.234074074074075
1986,#003F3F,34.84444444444445
1986,#003F7F,43.47555555555556
1986,#3F0000,45.58814814814815
1986,#3F003F,30.62222222222222
1986,#3F3F00,18.16888888888889
1986,#3F3F3F,74.5125925925926
1986,#3F3F7F,78.23407407407407
1986,#3F7F3F,3.6325925925925926
1986,#3F7FBF,14.826666666666668
1986,#3F7FFF,9.214814814814815
1986,#7F3F00,12.275555555555556
1986,#7F3F3F,18.08
1986,#7F7F7F,22.06222222222222
1986,#BF3F3F,18.59851851851852
1986,#BF7F3F,14.78222222222222
1986,#BF7F7F,32.55111111111111
1986,#BFBFBF,57.82222222222222
1986,#BFBFFF,25.57925925925926
1986,#BFFFBF,8.204444444444444
1986,#BFFFFF,30.28148148148148
1986,#FFBF7F,19.081481481481482
1986,#FFBFBF,180.07703703703703
1986,#FFFF7F,11.638518518518518
1986,#FFFFBF,42.65777777777778
1986,#FFFFFF,41.57037037037037
1987,#000000,156.60148148148147
1987,#00003F,29.91111111111111
1987,#00007F,10.388148148148147
1987,#003F3F,18.145185185185184
1987,#003F7F,29.925925925925927
1987,#3F0000,76.81185185185186
1987,#3F3F00,33.644444444444446
1987,#3F3F3F,44.20444444444445
1987,#3F3F7F,4.802962962962963
1987,#3F7FBF,16.684444444444445
1987,#7F3F3F,38.31111111111111
1987,#7F7F3F,60.10962962962963
1987,#7F7F7F,15.76888888888889
1987,#7FBFBF,11.137777777777776
1987,#BFBF7F,24.568888888888893
1987,#BFBFBF,56.1037037037037
1987,#BFFFBF,31.128888888888888
1987,#BFFFFF,28.391111111111112
1987,#FFBF7F,3.6681481481481484
1987,#FFBFBF,38.70518518518519
1987,#FFFFBF,89.39555555555556
1987,#FFFFFF,103.19111111111111
1988,#000000,162.1985185185185
1988,#003F00,11.748148148148148
1988,#003FBF,70.62222222222222
1988,#007FBF,39.06666666666666
1988,#007FFF,17.288888888888888
1988,#3F0000,36.70222222222222
1988,#3F007F,34.55111111111111
1988,#3F3F00,33.77185185185185
1988,#3F3F3F,22.811851851851852
1988,#3F7F3F,14.399999999999999
1988,#3F7F7F,34.56
1988,#3F7FBF,60.29333333333333
1988,#7F3F3F,7.822222222222222
1988,#7F7F7F,35.59407407407407
1988,#7FBF7F,28.53333333333333
1988,#7FBFBF,41.35111111111111
1988,#BF0000,15.022222222222224
1988,#BFBF7F,20.604444444444443
1988,#BFBFBF,20.109629629629627
1988,#BFBFFF,17.706666666666667
1988,#BFFFFF,59.45777777777778
1988,#FF3F3F,35.48444444444445
1988,#FFBFBF,27.857777777777777
1988,#FFFF00,19.58814814814815
1988,#FFFF3F,17.2
1988,#FFFFBF,3.8903703703703703
1988,#FFFFFF,195.14666666666668
1989,#000000,177.32148148148147
1989,#00003F,25.41037037037037
1989,#003F3F,16.865185185185187
1989,#007F7F,10.242962962962963
1989,#3F0000,5.33037037037037
1989,#3F003F,7.997037037037037
1989,#3F3F3F,60.00888888888889
1989,#3F3F7F,12.296296296296298
1989,#3F7FBF,15.84888888888889
1989,#7F0000,6.21037037037037
1989,#7F7FBF,33.88444444444444
1989,#7F7FFF,13.30962962962963
1989,#BFBFBF,53.339259259259265
1989,#BFBFFF,28.503703703703703
1989,#FFBFBF,8.349629629629629
1989,#FFFFFF,21.99111111111111
1990,#000000,257.0074074074074
1990,#007F00,53.12888888888889
1990,#3F0000,101.20296296296296
1990,#3F003F,6.5600000000000005
1990,#3F3F3F,48.894814814814815
1990,#3F7F3F,16.05925925925926
1990,#3F7F7F,5.724444444444445
1990,#7F0000,13.973333333333333
1990,#7F3F3F,42.09777777777778
1990,#7F7F3F,10.394074074074073
1990,#7F7F7F,73.2237037037037
1990,#7FBFBF,6.275555555555555
1990,#BF7F00,9.297777777777778
1990,#BF7F3F,7.051851851851852
1990,#BF7F7F,5.448888888888889
1990,#BFBFBF,85.12592592592593
1990,#FF7F7F,17.484444444444446
1990,#FFBFBF,73.08444444444444
1990,#FFFFFF,126.4888888888889
1991,#000000,163.44296296296295
1991,#00003F,29.831111111111106
1991,#3F0000,71.19111111111111
1991,#3F3F3F,67.39851851851851
1991,#3F3F7F,21.06666666666667
1991,#3F3FBF,63.95555555555555
1991,#3F7F3F,10.548148148148147
1991,#7F3F3F,16.62222222222222
1991,#7F3FBF,12.79111111111111
1991,#7F7F3F,15.608888888888888
1991,#7F7F7F,37.45185185185185
1991,#7FBFBF,32.53333333333333
1991,#BF0000,22.16296296296296
1991,#BF3F3F,7.564444444444444
1991,#BF7F3F,9.345185185185185
1991,#BF7F7F,6.880000000000001
1991,#BFBF3F,9.902222222222223
1991,#BFBF7F,19.32148148148148
1991,#BFBFBF,123.81333333333333
1991,#BFBFFF,16.927407407407408
1991,#BFFFBF,13.854814814814814
1991,#BFFFFF,24.136296296296297
1991,#FF0000,7.022222222222223
1991,#FF003F,34.81777777777778
1991,#FF3F00,9.398518518518518
1991,#FFBF7F,4.66962962962963
1991,#FFBFBF,50.168888888888894
1991,#FFBFFF,99.2088888888889
1991,#FFFF7F,14.275555555555556
1991,#FFFFBF,99.68
1991,#FFFFFF,459.277037037037
1992,#000000,125.28
1992,#00003F,22.995555555555555
1992,#003F3F,17.875555555555557
1992,#3F0000,239.4874074074074
1992,#3F3F00,12.734814814814815
1992,#3F3F3F,60.44740740740741
1992,#3F7F7F,5.635555555555555
1992,#7F0000,49.68592592592593
1992,#7F3F00,4.521481481481481
1992,#7F3F3F,37.35703703703704
1992,#7F7F3F,45.92888888888889
1992,#7F7F7F,43.404444444444444
1992,#7F7FBF,39.06666666666667
1992,#7FBF3F,23.128888888888888
1992,#7FBFBF,3.5733333333333333
1992,#7FBFFF,15.333333333333336
1992,#BF0000,27.063703703703705
1992,#BF3F00,10.637037037037036
1992,#BF3F3F,198.1037037037037
1992,#BF7F3F,72.44444444444444
1992,#BF7F7F,19.365925925925925
1992,#BFBF7F,4.50074074074074
1992,#BFBFBF,113.49037037037037
1992,#BFBFFF,12.631111111111114
1992,#BFFFFF,26.565925925925924
1992,#FF3F00,15.37777777777778
1992,#FF7F3F,57.031111111111116
1992,#FFBF00,17.77777777777778
1992,#FFBFBF,112.81481481481481
1992,#FFBFFF,67.3274074074074
1992,#FFFFFF,291.5792592592593
1993,#000000,210.82962962962964
1993,#00003F,26.986666666666665
1993,#003F00,32.74666666666667
1993,#003F3F,19.04888888888889
1993,#3F0000,16.062222222222225
1993,#3F003F,14.764444444444443
1993,#3F3F00,27.943703703703704
1993,#3F3F3F,56.468148148148146
1993,#3F3F7F,111.44
1993,#3F3FBF,16.64888888888889
1993,#3F7FBF,64.35555555555555
1993,#3FBFFF,16.204444444444444
1993,#7F0000,6.755555555555555
1993,#7F3F3F,31.822222222222223
1993,#7F3F7F,12.826666666666664
1993,#7F7F7F,31.345185185185187
1993,#BF7F3F,47.69185185185185
1993,#BF7F7F,11.20888888888889
1993,#BFBFBF,201.99703703703702
1993,#BFFFFF,50.408888888888896
1993,#FFBF3F,11.04
1993,#FFBF7F,16.610370370370372
1993,#FFBFBF,179.4488888888889
1993,#FFFF7F,27.342222222222226
1993,#FFFFBF,56.11555555555556
1994,#000000,33.44
1994,#00003F,31.946666666666665
1994,#003F00,61.94962962962963
1994,#003F3F,12.515555555555554
1994,#003F7F,73.21777777777777
1994,#007F7F,35.06074074074074
1994,#007FBF,20.968888888888888
1994,#3F0000,64.24000000000001
1994,#3F003F,16.204444444444444
1994,#3F3F3F,125.54962962962964
1994,#3F3F7F,27.004444444444445
1994,#3F3FBF,64.8711111111111
1994,#3F7F7F,8.257777777777777
1994,#3F7FBF,43.339259259259265
1994,#7F0000,42.32
1994,#7F3F3F,22.57777777777778
1994,#7F7F3F,24.35851851851852
1994,#7F7F7F,52.776296296296294
1994,#7FBFBF,51.23555555555556
1994,#7FBFFF,12.764444444444445
1994,#BF003F,8.924444444444445
1994,#BF3F00,40.93333333333334
1994,#BF7F3F,43.28
1994,#BF7F7F,15.928888888888888
1994,#BFBF00,8.115555555555556
1994,#BFBF7F,8.474074074074075
1994,#BFBFBF,25.318518518518516
1994,#BFBFFF,27.89037037037037
1994,#FF3F00,11.653333333333334
1994,#FF7F00,13.324444444444445
1994,#FFBF00,29.35111111111111
1994,#FFBF7F,27.777777777777775
1994,#FFBFBF,138.4
1994,#FFBFFF,55.23555555555555
1994,#FFFFBF,116.51555555555555
1995,#000000,271.33037037037036
1995,#00003F,2.974814814814815
1995,#00007F,22.37037037037037
1995,#003F7F,13.650370370370371
1995,#007F7F,12.491851851851852
1995,#3F0000,56.23407407407407
1995,#3F3F00,79.07555555555557
1995,#3F3F3F,100.40888888888888
1995,#3F3F7F,6.527407407407407
1995,#3F7F3F,8.93925925925926
1995,#3F7FBF,27.40740740740741
1995,#7F3F3F,49.925925925925924
1995,#7F7F3F,34.456296296296294
1995,#7F7F7F,34.459259259259255
1995,#7F7FBF,32.61037037037037
1995,#7FBF7F,15.712592592592593
1995,#7FBFBF,107.55555555555556
1995,#BF3F3F,60.239999999999995
1995,#BF7F3F,15.386666666666668
1995,#BF7F7F,15.25925925925926
1995,#BFBF7F,34.20444444444445
1995,#BFBFBF,270.26666666666665
1995,#BFBFFF,42.55407407407407
1995,#BFFFBF,31.315555555555555
1995,#BFFFFF,30.83555555555556
1995,#FF7F3F,7.543703703703704
1995,#FFBF7F,29.413333333333334
1995,#FFBFBF,149.22962962962964
1995,#FFFFBF,49.8962962962963
1995,#FFFFFF,88.28148148148148
1996,#000000,127.41925925925926
1996,#00003F,23.315555555555555
1996,#00007F,60.37333333333334
1996,#003F00,23.466666666666665
1996,#003F3F,35.949629629629634
1996,#003F7F,85.42518518518519
1996,#003FBF,29.875555555555557
1996,#007F3F,24.826666666666664
1996,#007FBF,26.234074074074073
1996,#00BF3F,9.226666666666667
1996,#00BFBF,15.01925925925926
1996,#3F0000,226.43259259259258
1996,#3F003F,42.038518518518515
1996,#3F3F00,15.191111111111113
1996,#3F3F3F,161.19407407407408
1996,#3F3FBF,37.23259259259259
1996,#3F7F00,6.915555555555556
1996,#3F7F7F,26.533333333333335
1996,#3F7FBF,122.74666666666667
1996,#3FBFBF,4.5125925925925925
1996,#7F0000,47.58814814814815
1996,#7F3F3F,81.88740740740741
1996,#7F7F3F,24.109629629629627
1996,#7F7F7F,51.979259259259265
1996,#7F7FBF,33.303703703703704
1996,#7F7FFF,12.882962962962964
1996,#7FBFBF,23.79851851851852
1996,#BF0000,12.213333333333335
1996,#BF7F3F,24.50074074074074
1996,#BF7F7F,38.73777777777778
1996,#BFBF7F,22.346666666666664
1996,#BFBFBF,108.59555555555556
1996,#BFBFFF,15.12
1996,#BFFF3F,3.339259259259259
1996,#BFFFBF,14.062222222222223
1996,#BFFFFF,53.004444444444445
1996,#FF3F00,13.28888888888889
1996,#FF7F7F,7.199999999999999
1996,#FFBF00,11.20888888888889
1996,#FFBF3F,16.82962962962963
1996,#FFBFBF,107.11703703703704
1996,#FFFF00,12.408888888888889
1996,#FFFF3F,50.38518518518518
1996,#FFFF7F,31.081481481481482
1996,#FFFFBF,223.79851851851853
1996,#FFFFFF,260.4385185185185
1997,#000000,237.09037037037035
1997,#00003F,3.7451851851851856
1997,#003F00,23.2
1997,#003F7F,7.493333333333334
1997,#007FBF,29.47555555555556
1997,#3F0000,84.97185185185185
1997,#3F003F,24.57777777777778
1997,#3F007F,38.76444444444444
1997,#3F3F00,51.2562962962963
1997,#3F3F3F,75.17037037037036
1997,#3F3F7F,18.88
1997,#3F7FBF,70.89481481481482
1997,#7F0000,28.485925925925926
1997,#7F3F3F,57.736296296296295
1997,#7F3F7F,16.817777777777778
1997,#7F7F3F,6.127407407407407
1997,#7F7F7F,10.24
1997,#7F7FBF,9.937777777777777
1997,#7FBF3F,13.291851851851852
1997,#7FBFFF,53.404444444444444
1997,#7FFFFF,90.27555555555554
1997,#BF7F3F,15.164444444444444
1997,#BF7F7F,3.6059259259259258
1997,#BF7FFF,24.93333333333333
1997,#BFBF7F,50.379259259259264
1997,#BFBFBF,55.3837037037037
1997,#BFBFFF,16.62222222222222
1997,#BFFFFF,45.29185185185185
1997,#FFBF00,5.102222222222222
1997,#FFBF7F,14.56
1997,#FFBFBF,226.8562962962963
1997,#FFBFFF,13.813333333333334
1997,#FFFFFF,183.12296296296296
1998,#000000,463.0311111111111
1998,#00003F,8.136296296296296
1998,#003F00,27.422222222222224
1998,#003F3F,48.57777777777778
1998,#003F7F,26.414814814814815
1998,#003FBF,18.826666666666664
1998,#007FBF,4.18962962962963
1998,#3F0000,72.56
1998,#3F003F,21.114074074074075
1998,#3F3F00,47.511111111111106
1998,#3F3F3F,32.01481481481481
1998,#3F3FBF,18.9037037037037
1998,#3F7FBF,33.78370370370371
1998,#3F7FFF,18.99555555555556
1998,#7F3F00,6.551111111111111
1998,#7F3F3F,26.388148148148147
1998,#7F7F3F,9.386666666666667
1998,#7F7F7F,7.774814814814814
1998,#7F7FBF,31.946666666666665
1998,#7FBFBF,5.694814814814815
1998,#7FBFFF,9.007407407407406
1998,#BF3F3F,17.282962962962962
1998,#BF7F00,18.435555555555556
1998,#BF7F3F,33.66814814814815
1998,#BF7F7F,6.148148148148149
1998,#BFBF3F,7.73925925925926
1998,#BFBFBF,69.70962962962963
1998,#BFBFFF,78.41185185185185
1998,#BFFFBF,7.232592592592593
1998,#BFFFFF,31.37777777777778
1998,#FFBF7F,6.165925925925926
1998,#FFBFBF,65.91407407407407
1998,#FFBFFF,70.1274074074074
1998,#FFFFBF,32.08
1998,#FFFFFF,133.88444444444443
1999,#000000,262.3377777777778
1999,#00003F,61.25037037037037
1999,#003F3F,15.674074074074074
1999,#003F7F,88.74074074074075
1999,#007F7F,10.198518518518519
1999,#007FBF,13.991111111111113
1999,#3F0000,110.81777777777778
1999,#3F003F,9.570370370370371
1999,#3F3F3F,89.47259259259259
1999,#3F3F7F,16.66962962962963
1999,#3F7F7F,158.11555555555557
1999,#3F7FBF,13.256296296296297
1999,#3FBFBF,25.037037037037035
1999,#7F0000,5.905185185185186
1999,#7F3F3F,33.88740740740741
1999,#7F7F3F,6.231111111111111
1999,#7F7F7F,10.091851851851851
1999,#7F7FBF,10.305185185185186
1999,#7FBFBF,6.305185185185184
1999,#7FBFFF,35.24444444444445
1999,#BF0000,34.808888888888895
1999,#BF003F,15.84888888888889
1999,#BF7F3F,9.937777777777777
1999,#BF7F7F,27.76296296296296
1999,#BFBFBF,101.39555555555555
1999,#BFFFFF,30.263703703703705
1999,#FF7F3F,12.684444444444445
1999,#FFBF3F,25.125925925925927
1999,#FFBF7F,7.62074074074074
1999,#FFBFBF,66.94518518518518
1999,#FFBFFF,42.30222222222223
1999,#FFFFBF,29.75111111111111
1999,#FFFFFF,225.36296296296297
2000,#000000,405.3037037037037
2000,#00007F,11.24148148148148
2000,#0000BF,5.143703703703704
2000,#003F7F,12.444444444444443
2000,#003FBF,11.534814814814814
2000,#007FBF,28.088888888888892
2000,#3F0000,116.58666666666666
2000,#3F003F,18.189629629629632
2000,#3F3F00,40.30518518518518
2000,#3F3F3F,55.86074074074074
2000,#3F3F7F,68.58666666666667
2000,#3F3FBF,66.31703703703704
2000,#3F7F7F,14.115555555555556
2000,#3F7FBF,30.195555555555558
2000,#3FBF3F,132.88888888888889
2000,#7F0000,99.11999999999999
2000,#7F3F00,60.52444444444444
2000,#7F3F3F,26.592592592592595
2000,#7F7F7F,23.851851851851855
2000,#7F7FBF,41.2562962962963
2000,#7F7FFF,9.653333333333332
2000,#7FBFFF,6.21037037037037
2000,#BF3F00,17.99111111111111
2000,#BF3F3F,16.936296296296295
2000,#BF7F3F,17.484444444444446
2000,#BF7F7F,17.961481481481478
2000,#BF7FBF,24.62222222222222
2000,#BF7FFF,4.346666666666667
2000,#BFBF7F,9.297777777777778
2000,#BFBFBF,26.46814814814815
2000,#BFBFFF,171.76
2000,#BFFFBF,11.706666666666667
2000,#BFFFFF,151.60592592592593
2000,#FF3F3F,6.885925925925926
2000,#FF7F00,7.65037037037037
2000,#FFBF00,12
2000,#FFBF7F,17.04888888888889
2000,#FFBFBF,67.98518518518519
2000,#FFBFFF,20.794074074074075
2000,#FFFFBF,120.89481481481481
2000,#FFFFFF,433.7540740740741
2001,#000000,117.64444444444445
2001,#00003F,46.275555555555556
2001,#003F3F,70.30222222222221
2001,#003F7F,37.78962962962963
2001,#3F0000,33.45481481481482
2001,#3F3F00,71.21777777777777
2001,#3F3F3F,20.133333333333333
2001,#3F3F7F,13.537777777777777
2001,#3F3FBF,32.355555555555554
2001,#3F7FBF,23.537777777777777
2001,#3FBFFF,20.266666666666666
2001,#7F0000,28.72296296296296
2001,#7F3F00,8.385185185185186
2001,#7F3F3F,75.84592592592593
2001,#7F3F7F,26.684444444444445
2001,#7F7F7F,15.134814814814815
2001,#7F7FFF,54.94222222222222
2001,#7FBFBF,6.13037037037037
2001,#7FBFFF,21.26222222222222
2001,#BF0000,29.955555555555556
2001,#BF3F3F,12.278518518518519
2001,#BF7F3F,12.877037037037036
2001,#BF7F7F,44.02666666666667
2001,#BFBFBF,105.63259259259259
2001,#BFBFFF,38.21037037037037
2001,#BFFFFF,132.3437037037037
2001,#FF0000,9.463703703703704
2001,#FF3F00,34.24592592592593
2001,#FF3F3F,9.155555555555555
2001,#FFBFBF,132.1125925925926
2001,#FFBFFF,48.42962962962963
2001,#FFFFFF,376.64
2002,#000000,485.1644444444444
2002,#00003F,37.197037037037035
2002,#003F3F,11.614814814814816
2002,#003F7F,28.142222222222223
2002,#3F0000,66.21925925925926
2002,#3F003F,20.63111111111111
2002,#3F3F00,44.84444444444444
2002,#3F3F3F,160.30814814814815
2002,#3F3F7F,102.09185185185186
2002,#3F7F7F,30.974814814814813
2002,#7F0000,47.952592592592595
2002,#7F003F,26.54222222222222
2002,#7F007F,10.56
2002,#7F3F3F,54.897777777777776
2002,#7F7F3F,60.45925925925926
2002,#7F7F7F,100.06518518518519
2002,#7FBF7F,0.965925925925926
2002,#7FBFFF,12.008888888888889
2002,#BF003F,17.884444444444444
2002,#BF3F00,15.47851851851852
2002,#BF3F3F,25.493333333333332
2002,#BF7F3F,2.5748148148148147
2002,#BF7F7F,2.96
2002,#BF7FBF,18.328888888888887
2002,#BFBF7F,22.477037037037036
2002,#BFBFBF,231.2296296296296
2002,#BFBFFF,17.534814814814816
2002,#BFFFFF,64.85037037037037
2002,#FFBF7F,5.946666666666667
2002,#FFBFBF,141.14962962962963
2002,#FFFF7F,34.19555555555556
2002,#FFFFBF,66.72592592592594
2002,#FFFFFF,218.03555555555556
2003,#000000,205.14074074074074
2003,#00003F,11.662222222222223
2003,#003F00,31.013333333333335
2003,#003F7F,20.613333333333333
2003,#007F3F,10.906666666666668
2003,#007FBF,29.199999999999996
2003,#3F0000,48.49185185185185
2003,#3F3F00,40.94518518518518
2003,#3F3F3F,110.53925925925927
2003,#3F3F7F,66.49777777777777
2003,#3F7FBF,29.90222222222222
2003,#3FBFBF,147.09925925925924
2003,#7F0000,36.373333333333335
2003,#7F3F3F,13.217777777777778
2003,#7F3F7F,56.85925925925926
2003,#7F7F00,8.862222222222222
2003,#7F7F3F,7.9407407407407415
2003,#7F7F7F,50.48888888888889
2003,#7F7FBF,34.24
2003,#7FBFBF,26.27555555555556
2003,#BF0000,256.73185185185184
2003,#BF3F00,6.402962962962963
2003,#BF3F3F,28.346666666666664
2003,#BF7F3F,12.379259259259259
2003,#BF7F7F,15.83111111111111
2003,#BFBFBF,76.39999999999999
2003,#BFBFFF,17.543703703703706
2003,#BFFFFF,42.19851851851852
2003,#FF3F3F,14.862222222222222
2003,#FFBFBF,158.94222222222223
2003,#FFFFBF,84.46222222222222
2003,#FFFFFF,439.54370370370367
2004,#000000,304.7851851851852
2004,#00003F,57.69481481481481
2004,#00007F,10.882962962962964
2004,#003F00,36.08
2004,#003F3F,51.389629629629624
2004,#003F7F,58.29333333333334
2004,#003FBF,47.85185185185185
2004,#007FBF,103.48444444444445
2004,#3F0000,227.84
2004,#3F003F,12.551111111111112
2004,#3F3F00,27.75111111111111
2004,#3F3F3F,172.8651851851852
2004,#3F3F7F,22.933333333333334
2004,#3F3FBF,11.188148148148148
2004,#3F7F3F,21.26222222222222
2004,#3F7F7F,8.18962962962963
2004,#3F7FBF,30.242962962962963
2004,#7F0000,6.684444444444444
2004,#7F3F00,11.265185185185185
2004,#7F3F3F,144.63111111111112
2004,#7F3F7F,16.871111111111112
2004,#7F3FBF,14.631111111111112
2004,#7F7F3F,24.55703703703704
2004,#7F7F7F,43.37777777777778
2004,#7F7FBF,22.962962962962965
2004,#7FBFBF,34.586666666666666
2004,#7FBFFF,6.201481481481482
2004,#7FFFFF,13.911111111111111
2004,#BF0000,16.334814814814813
2004,#BF3F00,12.432592592592592
2004,#BF3F3F,101.89037037037038
2004,#BF7F3F,5.1970370370370365
2004,#BF7FBF,16.672592592592594
2004,#BFBF7F,54.98666666666667
2004,#BFBFBF,83.81333333333333
2004,#BFBFFF,95.00740740740741
2004,#BFFFBF,16.877037037037038
2004,#BFFFFF,82.88
2004,#FF3F00,4.503703703703703
2004,#FFBF7F,89.00740740740741
2004,#FFBFBF,308.4711111111111
2004,#FFBFFF,24.275555555555556
2004,#FFFFBF,211.98518518518517
2004,#FFFFFF,572.8207407407408
2005,#000000,685.0192592592592
2005,#00003F,142.91259259259257
2005,#00007F,35.58222222222223
2005,#003F3F,47.46962962962963
2005,#003F7F,155.12
2005,#007FFF,29.967407407407407
2005,#00BFFF,3.0666666666666664
2005,#3F0000,53.29481481481481
2005,#3F003F,11.496296296296297
2005,#3F3F00,12.93925925925926
2005,#3F3F3F,156.1540740740741
2005,#3F7FBF,9.037037037037036
2005,#3FBF3F,10.302222222222222
2005,#7F007F,22.515555555555558
2005,#7F3F3F,59.19111111111111
2005,#7F3F7F,11.413333333333334
2005,#7F7F3F,31.703703703703706
2005,#7F7F7F,26.725925925925925
2005,#7F7FBF,11.294814814814815
2005,#7F7FFF,9.807407407407407
2005,#7FBFBF,15.623703703703706
2005,#7FBFFF,10.103703703703705
2005,#BF0000,7.294814814814815
2005,#BF003F,4.6755555555555555
2005,#BF3F3F,35.318518518518516
2005,#BF7F7F,55.64740740740741
2005,#BF7FBF,18.16888888888889
2005,#BFBF7F,7.522962962962963
2005,#BFBFBF,174.7051851851852
2005,#BFBFFF,66.10962962962964
2005,#BFFF7F,7.804444444444444
2005,#BFFFBF,2.7259259259259263
2005,#BFFFFF,37.27407407407407
2005,#FF3F3F,2.888888888888889
2005,#FF7F7F,7.685925925925926
2005,#FFBF3F,3.928888888888889
2005,#FFBFBF,120.36148148148149
2005,#FFBFFF,11.733333333333333
2005,#FFFFBF,175.92592592592592
2005,#FFFFFF,283.8992592592593
2006,#000000,318.18666666666667
2006,#00003F,88.63407407407406
2006,#003F00,25.285925925925927
2006,#003F3F,16.16
2006,#003F7F,28.068148148148147
2006,#003FBF,27.45777777777778
2006,#007F3F,10.210370370370372
2006,#007FBF,80.96888888888888
2006,#007FFF,31.831111111111113
2006,#3F0000,263.8992592592593
2006,#3F3F00,125.25629629629628
2006,#3F3F3F,253.38666666666668
2006,#3F3F7F,16.548148148148147
2006,#3F3FBF,17.235555555555553
2006,#3F7F7F,52.21333333333333
2006,#3FBFFF,11.537777777777777
2006,#7F0000,36.900740740740744
2006,#7F3F00,5.466666666666667
2006,#7F3F3F,62.82666666666667
2006,#7F7F3F,45.842962962962964
2006,#7F7F7F,98.21037037037037
2006,#7F7FBF,70.63111111111111
2006,#7FBF7F,7.511111111111111
2006,#7FBFFF,112.97777777777779
2006,#BF003F,56.24888888888889
2006,#BF3F00,64.56888888888889
2006,#BF3F3F,44.45925925925926
2006,#BF7F3F,17.06962962962963
2006,#BF7F7F,56.82962962962963
2006,#BFBF7F,83.1762962962963
2006,#BFBFBF,257.48148148148147
2006,#BFBFFF,72.28444444444445
2006,#BFFFBF,22.64
2006,#BFFFFF,57.23555555555556
2006,#FFBFBF,274.55407407407404
2006,#FFBFFF,65.34814814814814
2006,#FFFFBF,225.5940740740741
2006,#FFFFFF,360.3377777777778
2007,#000000,322.0325925925926
2007,#00003F,76.18962962962964
2007,#00007F,21.297777777777778
2007,#003F3F,37.81925925925926
2007,#003F7F,61.01333333333333
2007,#007F7F,34.07111111111111
2007,#007FBF,76.38814814814815
2007,#00BFFF,16.93037037037037
2007,#3F0000,247.08444444444444
2007,#3F003F,39.724444444444444
2007,#3F3F00,28.337777777777777
2007,#3F3F3F,130.34074074074076
2007,#3F3F7F,6.764444444444444
2007,#3F7F00,13.475555555555555
2007,#3F7F3F,26.062222222222225
2007,#3F7F7F,51.819259259259255
2007,#3F7FBF,31.05185185185185
2007,#3F7FFF,13.724444444444444
2007,#7F0000,37.28296296296296
2007,#7F3F00,22.382222222222218
2007,#7F3F3F,87.7362962962963
2007,#7F7F3F,11.786666666666665
2007,#7F7F7F,71.69777777777777
2007,#7F7FBF,76.69333333333334
2007,#7FBFBF,12.376296296296296
2007,#BF0000,25.377777777777776
2007,#BF003F,28.96
2007,#BF3F00,9.36
2007,#BF3F3F,55.007407407407406
2007,#BF7F3F,3.597037037037037
2007,#BF7F7F,80.2637037037037
2007,#BFBF7F,54.30222222222223
2007,#BFBFBF,195.83407407407407
2007,#BFBFFF,28.75555555555556
2007,#BFFFFF,48.773333333333326
2007,#FF003F,7.591111111111111
2007,#FF7F3F,2.5214814814814814
2007,#FF7F7F,23.599999999999998
2007,#FFBF3F,6.921481481481481
2007,#FFBF7F,7.798518518518518
2007,#FFBFBF,321.9851851851852
2007,#FFFF00,9.558518518518518
2007,#FFFF3F,5.647407407407408
2007,#FFFF7F,17.623703703703704
2007,#FFFFBF,257.3096296296296
2007,#FFFFFF,472.54814814814813
2008,#000000,514.6844444444445
2008,#00003F,295.04592592592593
2008,#00007F,45.13185185185185
2008,#003F3F,43.09037037037037
2008,#003F7F,35.825185185185184
2008,#003FBF,27.982222222222223
2008,#007F3F,7.635555555555555
2008,#007FFF,1.576296296296296
2008,#00BFFF,36.32
2008,#3F0000,165.94666666666666
2008,#3F003F,4.2844444444444445
2008,#3F3F00,53.14962962962963
2008,#3F3F3F,289.7837037037037
2008,#3F3F7F,122.80296296296297
2008,#3F3FBF,28.37925925925926
2008,#3F7F7F,22.595555555555556
2008,#7F0000,17.37777777777778
2008,#7F3F3F,90.48296296296296
2008,#7F3F7F,14.607407407407408
2008,#7F7F3F,35.53777777777778
2008,#7F7F7F,125.65925925925926
2008,#7FBFBF,8.64
2008,#7FBFFF,10.99851851851852
2008,#BF0000,36.50074074074074
2008,#BF003F,36.157037037037036
2008,#BF3F3F,24.915555555555553
2008,#BF7F3F,4.897777777777778
2008,#BF7F7F,61.6562962962963
2008,#BFBF7F,62.284444444444446
2008,#BFBFBF,406.0562962962963
2008,#BFBFFF,52.74666666666667
2008,#BFFFFF,86.07703703703703
2008,#FF0000,7.342222222222222
2008,#FF003F,34.986666666666665
2008,#FF3F3F,7.395555555555556
2008,#FF7F3F,36.41777777777778
2008,#FFBF3F,15.940740740740742
2008,#FFBF7F,3.52
2008,#FFBFBF,290.10962962962964
2008,#FFBFFF,33.662222222222226
2008,#FFFF00,10.657777777777778
2008,#FFFFBF,348.31111111111113
2008,#FFFFFF,509.70074074074074
2009,#000000,133.67407407407407
2009,#00003F,81.36000000000001
2009,#007F7F,13.146666666666668
2009,#007FBF,15.84
2009,#3F0000,236.56
2009,#3F003F,4.743703703703703
2009,#3F3F00,22.61333333333333
2009,#3F3F3F,139.21481481481482
2009,#3F3F7F,24.72
2009,#3F7F00,10.835555555555555
2009,#3F7F3F,8.302222222222222
2009,#3F7F7F,7.970370370370371
2009,#7F0000,54.595555555555556
2009,#7F3F00,29.434074074074076
2009,#7F3F3F,40.162962962962965
2009,#7F7F3F,18.426666666666666
2009,#7F7F7F,70.83259259259259
2009,#7FBF7F,4.50074074074074
2009,#BF0000,151.59703703703704
2009,#BF3F00,19.475555555555555
2009,#BF7F3F,58.888888888888886
2009,#BF7F7F,19.146666666666665
2009,#BFBF7F,10.79111111111111
2009,#BFBFBF,136.49185185185186
2009,#BFBFFF,37.23851851851852
2009,#BFFFBF,16.88
2009,#BFFFFF,47.89925925925927
2009,#FF3F3F,20.275555555555552
2009,#FF7F3F,26.19851851851852
2009,#FF7F7F,7.688888888888889
2009,#FFBF7F,29.351111111111113
2009,#FFBFBF,329.7837037037037
2009,#FFFF00,83.71555555555554
2009,#FFFFBF,126.28148148148149
2009,#FFFFFF,465.0696296296297
2010,#000000,366.8088888888889
2010,#00003F,42.12148148148148
2010,#00007F,9.173333333333334
2010,#003F00,72.1511111111111
2010,#003F3F,40.63703703703703
2010,#003F7F,83.4162962962963
2010,#3F0000,82.2637037037037
2010,#3F003F,47.67407407407408
2010,#3F3F00,22.657777777777778
2010,#3F3F3F,147.95555555555555
2010,#3F3F7F,34.00296296296297
2010,#3F7F3F,32.30222222222223
2010,#3F7F7F,6.002962962962963
2010,#7F0000,95.3125925925926
2010,#7F3F00,32.07111111111111
2010,#7F3F3F,79.48444444444443
2010,#7F3F7F,5.602962962962963
2010,#7F7F3F,18.93925925925926
2010,#7F7F7F,112.74074074074075
2010,#7F7FBF,22.625185185185185
2010,#7FBF3F,14.266666666666666
2010,#7FBF7F,10.293333333333333
2010,#7FBFBF,32.687407407407406
2010,#7FFFBF,13.964444444444444
2010,#BF0000,48.62222222222222
2010,#BF3F00,100.91555555555556
2010,#BF3F3F,19.404444444444444
2010,#BF7F3F,16.296296296296298
2010,#BF7F7F,36.30518518518519
2010,#BFBFBF,116.41481481481482
2010,#BFBFFF,27.62074074074074
2010,#BFFFFF,98.61037037037038
2010,#FF003F,17.89333333333333
2010,#FF3F3F,11.845925925925926
2010,#FF3F7F,120.0888888888889
2010,#FFBF3F,31.59407407407408
2010,#FFBF7F,3.262222222222222
2010,#FFBFBF,89.4874074074074
2010,#FFFF00,23.866666666666667
2010,#FFFF3F,5.226666666666667
2010,#FFFFBF,80.76444444444445
2010,#FFFFFF,237.8074074074074
2011,#000000,347.5911111111111
2011,#00003F,121.36296296296297
2011,#00007F,17.665185185185187
2011,#003F00,33.90814814814814
2011,#003F3F,47.111111111111114
2011,#003F7F,36.09777777777777
2011,#007F00,18.826666666666664
2011,#007F3F,26.604444444444447
2011,#007FBF,15.102222222222224
2011,#007FFF,43.724444444444444
2011,#00BFBF,37.46666666666667
2011,#3F0000,347.97333333333336
2011,#3F003F,40.30222222222222
2011,#3F3F00,36.61037037037037
2011,#3F3F3F,244.05037037037036
2011,#3F3F7F,86.13925925925926
2011,#3F7F7F,15.84
2011,#3F7FBF,17.35111111111111
2011,#3F7FFF,10.968888888888888
2011,#3FBFBF,14.248888888888887
2011,#3FBFFF,49.022222222222226
2011,#7F0000,87.24444444444444
2011,#7F007F,3.3125925925925928
2011,#7F3F00,29.869629629629628
2011,#7F3F3F,125.82814814814814
2011,#7F7F3F,63.925925925925924
2011,#7F7F7F,82.85925925925926
2011,#7F7FBF,29.93185185185185
2011,#7FBFFF,43.36
2011,#7FFFFF,15.040000000000001
2011,#BF0000,128.46222222222224
2011,#BF003F,6.645925925925926
2011,#BF007F,2.8651851851851853
2011,#BF3F3F,18.894814814814815
2011,#BF7F3F,14.269629629629629
2011,#BF7F7F,56.66370370370371
2011,#BFBF7F,49.79259259259259
2011,#BFBFBF,259.78962962962964
2011,#BFBFFF,68.94814814814815
2011,#BFFFBF,15.351111111111113
2011,#BFFFFF,417.3125925925926
2011,#FF0000,3.6533333333333333
2011,#FF003F,9.481481481481481
2011,#FF7FBF,15.437037037037038
2011,#FFBF3F,5.967407407407407
2011,#FFBF7F,26.666666666666664
2011,#FFBFBF,469.8251851851852
2011,#FFBFFF,22.924444444444443
2011,#FFFF7F,30.062222222222225
2011,#FFFFBF,155.19703703703703
2011,#FFFFFF,952.3911111111111
2012,#000000,392.1896296296296
2012,#00003F,42.19259259259259
2012,#00007F,12.642962962962962
2012,#0000BF,5.875555555555556
2012,#003F00,35.88148148148148
2012,#003F3F,197.2237037037037
2012,#003F7F,76.49777777777778
2012,#007FBF,39.15555555555555
2012,#00BFBF,41.32444444444444
2012,#00BFFF,19.519999999999996
2012,#3F0000,629.1614814814815
2012,#3F003F,55.79851851851852
2012,#3F3F00,73.91111111111111
2012,#3F3F3F,238.95703703703703
2012,#3F3F7F,36.776296296296294
2012,#3F3FBF,14.497777777777777
2012,#3F7F3F,11.905185185185186
2012,#3F7F7F,16.965925925925927
2012,#3F7FBF,65.9674074074074
2012,#3F7FFF,18.894814814814815
2012,#3FBFBF,19.25037037037037
2012,#3FBFFF,15.253333333333334
2012,#7F0000,208.22222222222223
2012,#7F3F00,31.68888888888889
2012,#7F3F3F,135.4874074074074
2012,#7F7F3F,46.75555555555555
2012,#7F7F7F,157.6414814814815
2012,#7F7FBF,19.022222222222222
2012,#7F7FFF,22.30222222222222
2012,#7FBFBF,9.688888888888888
2012,#7FBFFF,30.01185185185185
2012,#7FFFFF,24.645925925925926
2012,#BF0000,145.03407407407408
2012,#BF3F3F,4.183703703703704
2012,#BF7F3F,57.02518518518519
2012,#BF7F7F,111.89037037037036
2012,#BF7FBF,30.195555555555558
2012,#BFBF7F,82.29925925925926
2012,#BFBFBF,354.5925925925926
2012,#BFBFFF,55.12592592592593
2012,#BFFFBF,13.235555555555555
2012,#BFFFFF,219.71555555555554
2012,#FF0000,23.68
2012,#FF3F3F,11.940740740740742
2012,#FF7F7F,17.875555555555557
2012,#FFBF3F,14.755555555555556
2012,#FFBF7F,34.026666666666664
2012,#FFBFBF,951.5437037037037
2012,#FFBFFF,180.93037037037035
2012,#FFFFBF,323.6592592592593
2012,#FFFFFF,822.4207407407407
2013,#000000,947.3629629629629
2013,#00003F,27.119999999999997
2013,#00007F,33.29185185185185
2013,#003F00,85.5911111111111
2013,#003F3F,73.40148148148148
2013,#003FBF,14.035555555555554
2013,#007F7F,30.974814814814817
2013,#007FBF,4.4474074074074075
2013,#3F0000,747.0962962962963
2013,#3F003F,58.16592592592593
2013,#3F3F00,89.78370370370371
2013,#3F3F3F,184.79703703703703
2013,#3F3F7F,13.17925925925926
2013,#3F7F3F,19.582222222222224
2013,#3F7F7F,31.42814814814815
2013,#3F7FBF,16.474074074074075
2013,#7F0000,159.78666666666666
2013,#7F003F,44.275555555555556
2013,#7F3F00,19.783703703703704
2013,#7F3F3F,182.23111111111112
2013,#7F7F3F,81.55259259259259
2013,#7F7F7F,75.36592592592594
2013,#7F7FBF,39.84888888888889
2013,#7FBF7F,3.6592592592592594
2013,#7FBFBF,43.57037037037037
2013,#BF0000,123.0488888888889
2013,#BF3F3F,75.91407407407408
2013,#BF7F3F,80.26074074074074
2013,#BF7F7F,246.9362962962963
2013,#BFBF7F,89.10518518518518
2013,#BFBFBF,277.37185185185183
2013,#BFBFFF,83.17037037037036
2013,#BFFFFF,152.4651851851852
2013,#FF0000,49.839999999999996
2013,#FF3F00,7.608888888888889
2013,#FF7FBF,11.013333333333334
2013,#FFBF7F,51.88444444444445
2013,#FFBFBF,696.1214814814815
2013,#FFBFFF,100.90666666666667
2013,#FFFF00,11.86962962962963
2013,#FFFF3F,54.044444444444444
2013,#FFFFBF,100.73185185185184
2013,#FFFFFF,890.9451851851852
2014,#000000,537.2207407407408
2014,#00003F,103.40444444444445
2014,#003F00,33.8162962962963
2014,#003F3F,56.15703703703703
2014,#003F7F,23.50814814814815
2014,#007F3F,12.296296296296298
2014,#007F7F,16.11259259259259
2014,#007FBF,90.04444444444445
2014,#00BFBF,17.955555555555556
2014,#3F0000,558.08
2014,#3F3F00,259.77777777777777
2014,#3F3F3F,190.5214814814815
2014,#3F3F7F,47.68296296296296
2014,#3F3FBF,20.995555555555555
2014,#3F7F00,24.88
2014,#3F7FBF,97.77481481481482
2014,#3FBFBF,20.293333333333333
2014,#3FBFFF,55.38666666666666
2014,#7F0000,104.45037037037036
2014,#7F3F00,25.093333333333334
2014,#7F3F3F,199.87259259259258
2014,#7F3F7F,19.973333333333333
2014,#7F7F3F,127.76
2014,#7F7F7F,168.3022222222222
2014,#7F7FBF,74.35555555555555
2014,#7FBFBF,42.01185185185185
2014,#7FBFFF,17.386666666666667
2014,#7FFFFF,17.33925925925926
2014,#BF0000,27.437037037037037
2014,#BF003F,23.712592592592593
2014,#BF3F00,15.137777777777778
2014,#BF3F3F,6.402962962962963
2014,#BF7F3F,87.17925925925925
2014,#BF7F7F,276.8859259259259
2014,#BFBF7F,46.95703703703704
2014,#BFBFBF,358.5659259259259
2014,#BFBFFF,70.22814814814815
2014,#BFFFFF,330.1185185185185
2014,#FF7F7F,12.598518518518517
2014,#FFBF7F,60.266666666666666
2014,#FFBFBF,663.0992592592593
2014,#FFBFFF,44.72888888888889
2014,#FFFF3F,12.266666666666666
2014,#FFFF7F,12.734814814814815
2014,#FFFFBF,157.6888888888889
2014,#FFFFFF,1062.8414814814814
2015,#000000,1216.3022222222223
2015,#00003F,281.02222222222224
2015,#00007F,20.47111111111111
2015,#0000BF,4.494814814814815
2015,#003F00,51.662222222222226
2015,#003F3F,198.1985185185185
2015,#003F7F,43.12
2015,#007F00,13.742222222222223
2015,#007F3F,23.594074074074072
2015,#00FFBF,6.5600000000000005
2015,#3F0000,561.36
2015,#3F003F,34.70222222222222
2015,#3F3F00,78.41185185185185
2015,#3F3F3F,660.0266666666666
2015,#3F3F7F,119.67111111111112
2015,#3F7F3F,4.915555555555556
2015,#3F7F7F,45.28592592592592
2015,#3F7FBF,26.260740740740744
2015,#7F0000,180.58370370370372
2015,#7F3F00,3.6296296296296298
2015,#7F3F3F,85.3274074074074
2015,#7F3F7F,12.020740740740742
2015,#7F3FBF,7.111111111111111
2015,#7F7F00,9.256296296296295
2015,#7F7F3F,67.16740740740741
2015,#7F7F7F,437.2207407407407
2015,#7F7FBF,36.40592592592593
2015,#7FBF7F,36.284444444444446
2015,#7FBFBF,41.57037037037037
2015,#7FBFFF,8.195555555555556
2015,#7FFFFF,22.80888888888889
2015,#BF0000,10.847407407407406
2015,#BF003F,10.574814814814815
2015,#BF3F3F,19.185185185185183
2015,#BF7F3F,8.195555555555556
2015,#BF7F7F,120.56
2015,#BF7FBF,16.355555555555558
2015,#BFBF7F,47.0162962962963
2015,#BFBFBF,635.9703703703703
2015,#BFBFFF,90.06518518518519
2015,#BFFFBF,30.287407407407407
2015,#BFFFFF,143.4785185185185
2015,#FF0000,12.154074074074074
2015,#FF003F,7.004444444444445
2015,#FF3F00,5.063703703703704
2015,#FF7F00,5.365925925925926
2015,#FF7F7F,27.96148148148148
2015,#FFBF7F,40.87111111111111
2015,#FFBFBF,351.73037037037034
2015,#FFBFFF,53.925925925925924
2015,#FFFFBF,433.62666666666667
2015,#FFFFFF,495.7837037037037
2016,#000000,1400.8503703703705
2016,#00003F,194.33777777777777
2016,#00007F,12.361481481481482
2016,#003F00,54.871111111111105
2016,#003F3F,119.91703703703703
2016,#003F7F,5.134814814814815
2016,#003FBF,13.757037037037037
2016,#007F3F,33.333333333333336
2016,#3F0000,587.4014814814815
2016,#3F003F,25.973333333333333
2016,#3F3F00,165.10814814814813
2016,#3F3F3F,292.69925925925924
2016,#3F3F7F,16.04740740740741
2016,#3F3FBF,39.57333333333333
2016,#3F7F3F,32.894814814814815
2016,#3F7F7F,8.059259259259258
2016,#3F7FBF,19.869629629629628
2016,#3F7FFF,7.9407407407407415
2016,#3FBFBF,38.9511111111111
2016,#3FBFFF,38.056296296296296
2016,#7F0000,60.17777777777778
2016,#7F003F,11.614814814814816
2016,#7F3F00,61.05777777777777
2016,#7F3F3F,110.50074074074075
2016,#7F3F7F,12.684444444444445
2016,#7F7F3F,145.30962962962963
2016,#7F7F7F,129.94962962962964
2016,#7F7FBF,11.68
2016,#7FBFBF,57.653333333333336
2016,#7FBFFF,47.35111111111111
2016,#7FFFBF,3.7274074074074077
2016,#7FFFFF,47.964444444444446
2016,#BF0000,16.577777777777776
2016,#BF003F,98.15703703703703
2016,#BF3F00,26.24
2016,#BF3F3F,4.325925925925926
2016,#BF7F3F,60.776296296296294
2016,#BF7F7F,324.58666666666664
2016,#BFBF7F,78.68444444444444
2016,#BFBFBF,475.76
2016,#BFBFFF,92.03555555555556
2016,#BFFFBF,52.54222222222222
2016,#BFFFFF,245.73925925925926
2016,#FF0000,88.22814814814814
2016,#FF7F7F,11.271111111111113
2016,#FFBF7F,7.051851851851852
2016,#FFBFBF,768.0740740740741
2016,#FFFFBF,343.0755555555556
2016,#FFFFFF,557.2651851851851
2017,#000000,2069.783703703704
2017,#00003F,170.48296296296297
2017,#00007F,8.823703703703703
2017,#0000BF,25.93185185185185
2017,#003F00,186.9777777777778
2017,#003F3F,202.18074074074073
2017,#003F7F,22.536296296296296
2017,#003FBF,9.721481481481481
2017,#007F3F,220.53333333333333
2017,#007FBF,32.80888888888889
2017,#007FFF,17.822222222222223
2017,#3F0000,759.1644444444445
2017,#3F003F,11.617777777777778
2017,#3F3F00,174.51555555555555
2017,#3F3F3F,447.2948148148148
2017,#3F3F7F,56.48
2017,#3F7F00,28.761481481481482
2017,#3F7FBF,6.66962962962963
2017,#3FBFFF,15.21185185185185
2017,#7F0000,171.6385185185185
2017,#7F3F00,70.33185185185185
2017,#7F3F3F,304.78814814814814
2017,#7F7F3F,64.56296296296296
2017,#7F7F7F,219.52592592592592
2017,#7F7FFF,10.551111111111112
2017,#7FBFBF,26.09777777777778
2017,#7FBFFF,5.525925925925926
2017,#7FFFFF,63.333333333333336
2017,#BF0000,98.49481481481482
2017,#BF003F,26.488888888888887
2017,#BF3F00,11.961481481481481
2017,#BF3F3F,33.97925925925926
2017,#BF7F3F,194.09185185185186
2017,#BF7F7F,237.66518518518518
2017,#BF7FBF,21.56148148148148
2017,#BFBF3F,35.18222222222222
2017,#BFBF7F,120.82666666666667
2017,#BFBFBF,608.4681481481481
2017,#BFBFFF,67.52
2017,#BFFFBF,135.4488888888889
2017,#BFFFFF,158.21925925925925
2017,#FF0000,3.3362962962962963
2017,#FF003F,13.466666666666667
2017,#FF3F3F,16.124444444444443
2017,#FF7F3F,12.071111111111112
2017,#FF7F7F,32.906666666666666
2017,#FFBF3F,25.431111111111115
2017,#FFBF7F,24.746666666666666
2017,#FFBFBF,994.1481481481482
2017,#FFBFFF,68.63111111111111
2017,#FFFF00,14.921481481481482
2017,#FFFF7F,44.30814814814815
2017,#FFFFBF,619.6414814814815
2017,#FFFFFF,877.7274074074074
2018,#000000,1732.4533333333334
2018,#00003F,303.12296296296296
2018,#00007F,20.877037037037038
2018,#003F00,119.56148148148148
2018,#003F3F,294.94814814814816
2018,#003F7F,38.40888888888889
2018,#007F3F,59.26222222222222
2018,#007F7F,8.637037037037036
2018,#007FBF,96.32592592592593
2018,#007FFF,3.6207407407407413
2018,#00BF7F,7.647407407407407
2018,#00BFBF,12.844444444444445
2018,#00BFFF,6.571851851851853
2018,#3F0000,1239.5140740740742
2018,#3F003F,90.17481481481481
2018,#3F3F00,197.8014814814815
2018,#3F3F3F,719.2385185185185
2018,#3F3F7F,12.64
2018,#3F7F00,16.10074074074074
2018,#3F7F3F,54.73481481481481
2018,#3F7F7F,48.8
2018,#3F7FBF,140.6637037037037
2018,#3FBFBF,31.277037037037037
2018,#3FBFFF,23.21185185185185
2018,#3FFFFF,8.2844444444444445
2018,#7F0000,88.98962962962963
2018,#7F003F,3.2800000000000002
2018,#7F3F00,56.61333333333333
2018,#7F3F3F,482.86518518518517
2018,#7F7F3F,291.61185185185184
2018,#7F7F7F,271.63851851851854
2018,#7F7FBF,57.834074074074074
2018,#7FBF7F,21.875555555555557
2018,#7FBFBF,43.64740740740741
2018,#7FBFFF,39.653333333333336
2018,#7FFFFF,20.39111111111111
2018,#BF0000,82.12444444444445
2018,#BF003F,7.214814814814814
2018,#BF3F00,29.90222222222222
2018,#BF3F3F,19.386666666666663
2018,#BF3F7F,14.844444444444443
2018,#BF7F3F,169.82222222222222
2018,#BF7F7F,346.1748148148148
2018,#BF7FBF,3.8459259259259264
2018,#BF7FFF,13.33925925925926
2018,#BFBF7F,209.62074074074076
2018,#BFBFBF,883.7303703703703
2018,#BFBFFF,46.31111111111111
2018,#BFFFBF,101.09925925925926
2018,#BFFFFF,177.65037037037038
2018,#FF3F3F,19.626666666666665
2018,#FF7F3F,39.29777777777778
2018,#FF7F7F,62.58962962962963
2018,#FFBF3F,18.746666666666666
2018,#FFBF7F,34.91851851851852
2018,#FFBFBF,1465.5970370370371
2018,#FFBFFF,22.962962962962962
2018,#FFFF7F,26.977777777777778
2018,#FFFFBF,534.4711111111111
2018,#FFFFFF,943.4548148148148
2019,#000000,1910.7644444444445
2019,#00003F,501.1585185185185
2019,#00007F,242.90666666666667
2019,#003F00,203.9051851851852
2019,#003F3F,191.5525925925926
2019,#003F7F,48.053333333333335
2019,#007FBF,13.884444444444444
2019,#3F0000,2034.9066666666668
2019,#3F003F,48.84148148148148
2019,#3F3F00,409.7837037037037
2019,#3F3F3F,774.565925925926
2019,#3F3F7F,57.51111111111111
2019,#3F3FBF,20.865185185185183
2019,#3F7F3F,33.013333333333335
2019,#3F7F7F,13.635555555555555
2019,#3F7FBF,32.056296296296296
2019,#3F7FFF,33.23555555555555
2019,#3FBFBF,11.786666666666667
2019,#7F0000,259.28000000000003
2019,#7F3F00,72.56888888888889
2019,#7F3F3F,581.7037037037037
2019,#7F3F7F,23.48148148148148
2019,#7F7F3F,210.47111111111113
2019,#7F7F7F,396.2162962962963
2019,#7F7FBF,65.03407407407407
2019,#7F7FFF,19.040000000000003
2019,#7FBF7F,14.844444444444443
2019,#7FBFBF,82.46518518518518
2019,#7FBFFF,54.59555555555555
2019,#BF0000,146.62222222222223
2019,#BF003F,26.85333333333333
2019,#BF3F00,15.282962962962962
2019,#BF3F3F,73.14370370370371
2019,#BF3F7F,103.48444444444443
2019,#BF7F3F,161.74814814814815
2019,#BF7F7F,317.8162962962963
2019,#BFBF3F,24.942222222222224
2019,#BFBF7F,257.9111111111111
2019,#BFBFBF,835.3007407407407
2019,#BFBFFF,72.75555555555556
2019,#BFFFBF,42.05925925925926
2019,#BFFFFF,330.33185185185187
2019,#FF0000,17.2
2019,#FF3F3F,20.52444444444445
2019,#FF7F7F,72.5925925925926
2019,#FFBF3F,8.657777777777778
2019,#FFBF7F,66.79703703703704
2019,#FFBFBF,1529.6148148148147
2019,#FFBFFF,155.98814814814813
2019,#FFFF7F,7.06962962962963
2019,#FFFFBF,772.5214814814815
2019,#FFFFFF,1042.5481481481481
2020,#000000,1493.4074074074074
2020,#00003F,351.81925925925924
2020,#00007F,83.85777777777778
2020,#0000BF,10.251851851851852
2020,#003F00,164.05925925925925
2020,#003F3F,379.1851851851852
2020,#003F7F,71.92592592592592
2020,#007F3F,124.93925925925926
2020,#007F7F,28.53925925925926
2020,#007FBF,13.425185185185185
2020,#00BFBF,5.188148148148148
2020,#00BFFF,19.585185185185185
2020,#3F0000,1742.9185185185186
2020,#3F003F,78.6962962962963
2020,#3F007F,9.982222222222223
2020,#3F3F00,234.73185185185187
2020,#3F3F3F,910.6666666666666
2020,#3F3F7F,52.46814814814815
2020,#3F3FBF,99.63851851851852
2020,#3F7F7F,22.225185185185186
2020,#3F7FBF,47.28888888888889
2020,#3F7FFF,9.718518518518518
2020,#3FBFBF,11.597037037037037
2020,#3FBFFF,16.844444444444445
2020,#7F0000,218.09185185185186
2020,#7F3F00,40.906666666666666
2020,#7F3F3F,450.5037037037037
2020,#7F7F3F,257.06074074074075
2020,#7F7F7F,322.0948148148148
2020,#7F7FBF,18.02074074074074
2020,#7FBF7F,105.69185185185185
2020,#7FBFBF,101.27407407407406
2020,#7FBFFF,19.36888888888889
2020,#7FFFFF,25.91111111111111
2020,#BF0000,94.25185185185185
2020,#BF003F,20.38222222222222
2020,#BF3F00,3.1348148148148147
2020,#BF3F3F,44.24888888888889
2020,#BF3F7F,5.398518518518518
2020,#BF7F3F,165.00444444444446
2020,#BF7F7F,399.5022222222222
2020,#BF7FBF,25.16740740740741
2020,#BFBF7F,284.2311111111111
2020,#BFBFBF,907.3451851851852
2020,#BFBFFF,220.70814814814815
2020,#BFFFBF,58.06814814814815
2020,#BFFFFF,736.1925925925926
2020,#FF0000,28.136296296296294
2020,#FF003F,4.177777777777777
2020,#FF3F3F,30.645925925925926
2020,#FF3F7F,125.33925925925926
2020,#FF7F3F,21.345185185185187
2020,#FF7F7F,52.189629629629636
2020,#FFBF3F,17.61777777777778
2020,#FFBF7F,313.5407407407407
2020,#FFBFBF,1398.157037037037
2020,#FFBFFF,49.68296296296297
2020,#FFFFBF,1011.3007407407407
2020,#FFFFFF,2456.0296296296297
2021,#000000,2560.725925925926
2021,#00003F,517.7185185185185
2021,#00007F,26.044444444444444
2021,#003F00,34.367407407407406
2021,#003F3F,375.6533333333333
2021,#003F7F,131.53185185185185
2021,#007F00,40.148148148148145
2021,#007F3F,56.21037037037037
2021,#007F7F,44.20740740740741
2021,#007FBF,22.352592592592593
2021,#007FFF,13.060740740740739
2021,#3F0000,1346.7288888888888
2021,#3F003F,92.64
2021,#3F3F00,270.3437037037037
2021,#3F3F3F,1040.0118518518518
2021,#3F3F7F,112.6637037037037
2021,#3F3FBF,14.346666666666668
2021,#3F7F00,7.04
2021,#3F7F3F,27.845925925925926
2021,#3F7F7F,64.70814814814814
2021,#3F7FBF,7.1466666666666665
2021,#3FBF00,6.127407407407407
2021,#3FBFBF,9.013333333333334
2021,#3FBFFF,39.76888888888889
2021,#3FFFBF,8.343703703703703
2021,#7F0000,443.33037037037036
2021,#7F003F,20.805925925925926
2021,#7F3F00,24.58074074074074
2021,#7F3F3F,465.9140740740741
2021,#7F7F3F,325.21185185185186
2021,#7F7F7F,430.8474074074074
2021,#7F7FBF,73.18814814814814
2021,#7FBF7F,19.845925925925926
2021,#7FBFBF,95.6948148148148
2021,#7FBFFF,110.81185185185186
2021,#7FFFFF,39.834074074074074
2021,#BF0000,397.05777777777774
2021,#BF003F,47.81333333333333
2021,#BF3F00,49.2
2021,#BF3F3F,72.80592592592592
2021,#BF7F00,27.85185185185185
2021,#BF7F3F,71.64740740740741
2021,#BF7F7F,451.44592592592596
2021,#BF7FBF,15.52
2021,#BFBF3F,18.364444444444445
2021,#BFBF7F,174.64
2021,#BFBFBF,1278.562962962963
2021,#BFBFFF,269.49333333333334
2021,#BFFF00,15.54962962962963
2021,#BFFFBF,50.459259259259255
2021,#BFFFFF,736.7348148148149
2021,#FF0000,103.57333333333334
2021,#FF003F,11.848888888888887
2021,#FF3F3F,54.266666666666666
2021,#FF7F3F,35.6
2021,#FF7F7F,37.04888888888889
2021,#FFBF3F,18.337777777777777
2021,#FFBF7F,94.61037037037038
2021,#FFBFBF,1418.8503703703705
2021,#FFBFFF,39.22666666666667
2021,#FFFF3F,9.256296296296295
2021,#FFFFBF,1203.9674074074073
2021,#FFFFFF,2796.5422222222223
2022,#000000,2264.4207407407407
2022,#00003F,542.7022222222222
2022,#00007F,56.539259259259254
2022,#003F00,188.6548148148148
2022,#003F3F,763.0577777777778
2022,#003F7F,85.63851851851852
2022,#007F00,23.99111111111111
2022,#007F3F,106.67555555555556
2022,#007F7F,71.12
2022,#007FBF,38.10074074074074
2022,#3F0000,1522.7555555555555
2022,#3F003F,50.35851851851852
2022,#3F007F,11.528888888888888
2022,#3F3F00,399.38666666666666
2022,#3F3F3F,1015.7511111111111
2022,#3F3F7F,113.97925925925927
2022,#3F7F3F,51.53777777777778
2022,#3F7F7F,86.6725925925926
2022,#3F7FBF,41.04296296296296
2022,#3F7FFF,35.739259259259256
2022,#3FBFBF,40.86518518518518
2022,#3FBFFF,3.6474074074074077
2022,#7F0000,513.8755555555556
2022,#7F003F,12.622222222222224
2022,#7F3F00,77.38962962962962
2022,#7F3F3F,381.6325925925926
2022,#7F7F3F,341.2385185185185
2022,#7F7F7F,337.1377777777778
2022,#7F7FBF,64.55703703703705
2022,#7F7FFF,44.130370370370365
2022,#7FBF7F,16.453333333333333
2022,#7FBFBF,30.74074074074074
2022,#7FBFFF,122.25481481481482
2022,#7FFFFF,14.607407407407408
2022,#BF0000,76.08
2022,#BF003F,49.37777777777778
2022,#BF3F00,11.484444444444444
2022,#BF3F3F,46.42074074074074
2022,#BF3F7F,14.435555555555556
2022,#BF7F3F,330.4325925925926
2022,#BF7F7F,604.0918518518519
2022,#BF7FBF,6.2518518518518515
2022,#BF7FFF,21.78666666666667
2022,#BFBF3F,27.92
2022,#BFBF7F,216.41777777777776
2022,#BFBFBF,979.3214814814814
2022,#BFBFFF,110.0562962962963
2022,#BFFFBF,63.79259259259259
2022,#BFFFFF,354.6548148148148
2022,#FF0000,41.111111111111114
2022,#FF003F,78.75555555555555
2022,#FF7F3F,36.32
2022,#FF7F7F,79.62370370370371
2022,#FFBF3F,51.11111111111111
2022,#FFBF7F,180.17481481481482
2022,#FFBFBF,1571.8637037037038
2022,#FFBFFF,129.66222222222223
2022,#FFFF3F,35.199999999999996
2022,#FFFF7F,43.76296296296296
2022,#FFFFBF,476.5274074074074
2022,#FFFFFF,1440.4651851851852
2023,#000000,870.4237037037037
2023,#00003F,120.11259259259259
2023,#003F00,86.9037037037037
2023,#003F3F,189.17037037037036
2023,#003F7F,46.6637037037037
2023,#003FBF,39.964444444444446
2023,#007F00,14.826666666666666
2023,#007F3F,31.345185185185183
2023,#007F7F,10.782222222222224
2023,#007FBF,29.66814814814815
2023,#3F0000,618.3881481481482
2023,#3F003F,44.29333333333334
2023,#3F3F00,107.16148148148149
2023,#3F3F3F,400.44444444444446
2023,#3F3F7F,43.1437037037037
2023,#3F7F3F,18.465185185185184
2023,#3F7FBF,12.669629629629629
2023,#3FBFBF,21.748148148148147
2023,#3FBFFF,6.607407407407408
2023,#7F0000,279.6088888888889
2023,#7F003F,4.98962962962963
2023,#7F3F00,25.18814814814815
2023,#7F3F3F,120.63703703703703
2023,#7F3F7F,29.77777777777778
2023,#7F7F3F,122.36740740740741
2023,#7F7F7F,201.62074074074073
2023,#7F7FBF,32.43851851851852
2023,#7FBFBF,109.62666666666668
2023,#7FBFFF,78.2074074074074
2023,#7FFFFF,14.127407407407407
2023,#BF0000,39.99703703703703
2023,#BF003F,22.053333333333335
2023,#BF3F3F,47.08444444444445
2023,#BF7F3F,85.3125925925926
2023,#BF7F7F,206.1511111111111
2023,#BFBF3F,17.309629629629633
2023,#BFBF7F,120.09185185185184
2023,#BFBFBF,369.68888888888887
2023,#BFBFFF,64.54222222222222
2023,#BFFFBF,12.56
2023,#BFFFFF,162.53333333333333
2023,#FF0000,22.026666666666667
2023,#FF3F3F,13.825185185185184
2023,#FFBF3F,11.733333333333334
2023,#FFBF7F,82.05333333333333
2023,#FFBFBF,562.2874074074074
2023,#FFBFFF,61.14666666666667
2023,#FFFF7F,40.373333333333335
2023,#FFFFBF,374.9037037037037
2023,#FFFFFF,865.0518518518519
